total_return,annual_return,annual_vol,sharpe
4.07590864664219,0.09572127245591755,0.23399788475171238,0.3907275691900549
